Time period and codes,Total semi-durable goods,Clothing and footwear,Clothing materials,Garments,Other articles of clothing and clothing accessories,Shoes and other footwear,Household goods,Household textiles,Small electric household appliances,"Glassware, tableware and household appliances",Small tools and equipment,Transport,Spare parts and accessories for personal transport equipment,Recreation and culture,Recording media,"Games, toys and hobbies","Equipment for sport, camping and open-air recreation",Books,Miscellaneous,Electrical appliances for personal care,Other personal effects,,,,,,,,,,,,,,,,,,,,,,,,,,,,,,,,,,,,,,,,,,,,,
COICOP identifier code,TSD,TSD03,03.1.1,03.1.2,03.1.3,03.2.1,TSD05,05.2,05.3.2,05.4,05.5.2,TSD07,07.2.1,TSD09,09.1.4,09.3.1,09.3.2,09.5.1,TSD12,12.1.2,12.3.2,,,,,,,,,,,,,,,,,,,,,,,,,,,,,,,,,,,,,,,,,,,,,
CDID identifier code,UTIQ,LLJL,ADUQ,ADUR,ADUS,ADUV,LLJM,ADGG,ADVQ,ADGM,ADVT,LLJN,AWTV,LLJO,ADWT,ADWY,ADWZ,CDEO,LLJP,ADXR,ADXV,,,,,,,,,,,,,,,,,,,,,,,,,,,,,,,,,,,,,,,,,,,,,
1997 Q1,"11,955","5,875",36,"4,623",296,920,"2,246",848,164,717,517,717,717,"2,998",953,946,753,346,119,38,81,,,,,,,,,,,,,,,,,,,,,,,,,,,,,,,,,,,,,,,,,,,,,
1997 Q2,"12,994","6,657",34,"5,247",294,"1,082","2,290",812,154,721,603,866,866,"3,026",894,888,857,387,155,35,120,,,,,,,,,,,,,,,,,,,,,,,,,,,,,,,,,,,,,,,,,,,,,
1997 Q3,"13,019","6,764",34,"5,371",282,"1,077","2,277",815,148,733,581,891,891,"2,913",918,820,841,334,174,36,138,,,,,,,,,,,,,,,,,,,,,,,,,,,,,,,,,,,,,,,,,,,,,
1997 Q4,"17,159","9,227",43,"7,557",350,"1,277","2,804","1,003",209,958,634,835,835,"4,057","1,348","1,077","1,049",583,236,53,183,,,,,,,,,,,,,,,,,,,,,,,,,,,,,,,,,,,,,,,,,,,,,
1998 Q1,"12,958","6,247",31,"5,095",251,870,"2,491",888,167,817,619,857,857,"3,188","1,058",968,792,370,175,44,131,,,,,,,,,,,,,,,,,,,,,,,,,,,,,,,,,,,,,,,,,,,,,
1998 Q2,"14,189","7,119",31,"5,763",260,"1,065","2,640",882,153,879,726,"1,021","1,021","3,221","1,029",979,826,387,188,42,146,,,,,,,,,,,,,,,,,,,,,,,,,,,,,,,,,,,,,,,,,,,,,
1998 Q3,"14,624","7,383",32,"5,946",265,"1,140","2,662",915,154,921,672,"1,040","1,040","3,337","1,126","1,057",786,368,202,46,156,,,,,,,,,,,,,,,,,,,,,,,,,,,,,,,,,,,,,,,,,,,,,
1998 Q4,"18,566","9,591",39,"7,947",316,"1,289","3,090","1,049",223,"1,143",675,984,984,"4,650","1,657","1,430",917,646,251,64,187,,,,,,,,,,,,,,,,,,,,,,,,,,,,,,,,,,,,,,,,,,,,,
1999 Q1,"14,106","6,653",33,"5,420",268,932,"2,641",878,171,929,663,992,992,"3,641","1,311","1,140",739,451,179,52,127,,,,,,,,,,,,,,,,,,,,,,,,,,,,,,,,,,,,,,,,,,,,,
1999 Q2,"15,019","7,348",35,"5,948",286,"1,079","2,682",852,149,956,725,"1,179","1,179","3,619","1,205","1,187",839,388,191,49,142,,,,,,,,,,,,,,,,,,,,,,,,,,,,,,,,,,,,,,,,,,,,,
1999 Q3,"15,147","7,515",39,"6,037",305,"1,134","2,682",894,151,967,670,915,915,"3,832","1,304","1,255",814,459,203,51,152,,,,,,,,,,,,,,,,,,,,,,,,,,,,,,,,,,,,,,,,,,,,,
1999 Q4,"19,576","9,999",52,"8,280",412,"1,255","3,177","1,104",220,"1,187",666,985,985,"5,153","1,758","1,656",950,789,262,80,182,,,,,,,,,,,,,,,,,,,,,,,,,,,,,,,,,,,,,,,,,,,,,
2000 Q1,"14,825","6,866",37,"5,622",298,909,"2,731",889,179,"1,030",633,890,890,"4,141","1,446","1,355",792,548,197,59,138,,,,,,,,,,,,,,,,,,,,,,,,,,,,,,,,,,,,,,,,,,,,,
2000 Q2,"15,713","7,809",43,"6,373",343,"1,050","2,802",883,158,"1,033",728,973,973,"3,929","1,207","1,357",863,502,200,55,145,,,,,,,,,,,,,,,,,,,,,,,,,,,,,,,,,,,,,,,,,,,,,
2000 Q3,"15,869","8,060",45,"6,521",361,"1,133","2,750",926,160,"1,024",640,849,849,"3,995","1,233","1,403",847,512,215,59,156,,,,,,,,,,,,,,,,,,,,,,,,,,,,,,,,,,,,,,,,,,,,,
2000 Q4,"20,857","10,836",61,"9,015",475,"1,285","3,317","1,148",221,"1,287",661,907,907,"5,504","1,731","1,823","1,053",897,293,83,210,,,,,,,,,,,,,,,,,,,,,,,,,,,,,,,,,,,,,,,,,,,,,
2001 Q1,"15,305","7,275",35,"6,021",280,939,"2,828",960,213,"1,005",650,842,842,"4,111","1,222","1,541",797,551,249,70,179,,,,,,,,,,,,,,,,,,,,,,,,,,,,,,,,,,,,,,,,,,,,,
2001 Q2,"16,397","8,112",50,"6,641",276,"1,145","2,897",969,186,"1,063",679,"1,012","1,012","4,108","1,139","1,514",915,540,268,62,206,,,,,,,,,,,,,,,,,,,,,,,,,,,,,,,,,,,,,,,,,,,,,
2001 Q3,"16,763","8,450",27,"6,891",306,"1,226","2,879","1,007",140,"1,058",674,956,956,"4,220","1,226","1,494",912,588,258,42,216,,,,,,,,,,,,,,,,,,,,,,,,,,,,,,,,,,,,,,,,,,,,,
2001 Q4,"21,797","11,303",36,"9,467",393,"1,407","3,513","1,199",233,"1,280",801,785,785,"5,839","1,777","1,919","1,158",985,357,82,275,,,,,,,,,,,,,,,,,,,,,,,,,,,,,,,,,,,,,,,,,,,,,
2002 Q1,"16,390","7,991",42,"6,578",273,"1,098","2,872","1,022",121,968,761,838,838,"4,425","1,354","1,647",865,559,264,51,213,,,,,,,,,,,,,,,,,,,,,,,,,,,,,,,,,,,,,,,,,,,,,
2002 Q2,"17,550","8,888",40,"7,284",284,"1,280","2,973",993,222,976,782,987,987,"4,399","1,278","1,600",939,582,303,81,222,,,,,,,,,,,,,,,,,,,,,,,,,,,,,,,,,,,,,,,,,,,,,
2002 Q3,"17,707","9,142",35,"7,486",295,"1,326","2,988","1,043",199,967,779,854,854,"4,427","1,357","1,578",865,627,296,71,225,,,,,,,,,,,,,,,,,,,,,,,,,,,,,,,,,,,,,,,,,,,,,
2002 Q4,"22,940","12,018",9,"10,116",413,"1,480","3,522","1,229",281,"1,175",837,795,795,"6,193","2,093","2,024","1,025","1,051",412,114,298,,,,,,,,,,,,,,,,,,,,,,,,,,,,,,,,,,,,,,,,,,,,,
2003 Q1,"17,062","8,528",51,"7,020",316,"1,141","2,833",970,239,888,736,964,964,"4,444","1,440","1,626",778,600,293,61,232,,,,,,,,,,,,,,,,,,,,,,,,,,,,,,,,,,,,,,,,,,,,,
2003 Q2,"18,365","9,566",30,"7,842",343,"1,351","2,838",960,129,944,805,970,970,"4,667","1,406","1,747",870,644,324,58,266,,,,,,,,,,,,,,,,,,,,,,,,,,,,,,,,,,,,,,,,,,,,,
2003 Q3,"18,691","9,785",36,"8,015",337,"1,397","2,788","1,001",137,970,680,894,894,"4,842","1,489","1,783",841,729,382,104,278,,,,,,,,,,,,,,,,,,,,,,,,,,,,,,,,,,,,,,,,,,,,,
2003 Q4,"24,460","12,575",9,"10,504",467,"1,595","3,735","1,234",334,"1,271",896,939,939,"6,626","2,114","2,359","1,006","1,147",585,226,359,,,,,,,,,,,,,,,,,,,,,,,,,,,,,,,,,,,,,,,,,,,,,
2004 Q1,"17,566","8,894",64,"7,199",425,"1,206","2,861",949,280,872,760,866,866,"4,595","1,581","1,666",730,618,350,126,224,,,,,,,,,,,,,,,,,,,,,,,,,,,,,,,,,,,,,,,,,,,,,
2004 Q2,"18,890","9,836",114,"7,855",427,"1,440","2,985",969,231,947,838,990,990,"4,716","1,481","1,742",844,649,363,115,248,,,,,,,,,,,,,,,,,,,,,,,,,,,,,,,,,,,,,,,,,,,,,
2004 Q3,"18,889","9,847",47,"7,849",500,"1,451","2,917",990,189,945,793,921,921,"4,847","1,531","1,741",843,732,357,106,251,,,,,,,,,,,,,,,,,,,,,,,,,,,,,,,,,,,,,,,,,,,,,
2004 Q4,"24,259","12,766",51,"10,328",661,"1,726","3,567","1,198",376,"1,127",866,859,859,"6,475","2,103","2,247",903,"1,222",592,265,327,,,,,,,,,,,,,,,,,,,,,,,,,,,,,,,,,,,,,,,,,,,,,
2005 Q1,"17,725","9,059",28,"7,207",553,"1,271","2,763",878,172,960,753,"1,097","1,097","4,485","1,524","1,611",644,706,321,97,224,,,,,,,,,,,,,,,,,,,,,,,,,,,,,,,,,,,,,,,,,,,,,
2005 Q2,"18,428","9,954",87,"7,917",538,"1,412","2,794",876,130,934,854,855,855,"4,489","1,378","1,663",773,675,336,101,235,,,,,,,,,,,,,,,,,,,,,,,,,,,,,,,,,,,,,,,,,,,,,
2005 Q3,"19,072","10,220",81,"8,089",558,"1,492","2,906",915,275,936,780,890,890,"4,674","1,473","1,731",712,758,382,131,251,,,,,,,,,,,,,,,,,,,,,,,,,,,,,,,,,,,,,,,,,,,,,
2005 Q4,"25,144","13,398",28,"10,745",813,"1,812","3,562","1,131",342,"1,170",919,"1,101","1,101","6,569","2,100","2,269",998,"1,202",514,174,340,,,,,,,,,,,,,,,,,,,,,,,,,,,,,,,,,,,,,,,,,,,,,
2006 Q1,"17,957","9,344",101,"7,362",556,"1,325","2,944",916,286,914,828,947,947,"4,391","1,353","1,556",774,708,331,76,255,,,,,,,,,,,,,,,,,,,,,,,,,,,,,,,,,,,,,,,,,,,,,
2006 Q2,"19,487","10,496",93,"8,197",610,"1,596","3,130",961,176,"1,011",982,"1,002","1,002","4,467","1,331","1,541",915,680,392,93,299,,,,,,,,,,,,,,,,,,,,,,,,,,,,,,,,,,,,,,,,,,,,,
2006 Q3,"20,143","10,701",48,"8,316",708,"1,629","3,242",959,294,"1,048",941,"1,071","1,071","4,747","1,401","1,640",988,718,382,71,311,,,,,,,,,,,,,,,,,,,,,,,,,,,,,,,,,,,,,,,,,,,,,
2006 Q4,"26,201","13,849",21,"10,869",941,"2,018","3,790","1,125",312,"1,333","1,020","1,216","1,216","6,720","2,053","2,288","1,148","1,231",626,207,419,,,,,,,,,,,,,,,,,,,,,,,,,,,,,,,,,,,,,,,,,,,,,
2007 Q1,"18,573","9,285",46,"7,235",659,"1,345","3,217",987,282,960,988,961,961,"4,743","1,339","1,869",799,736,367,101,266,,,,,,,,,,,,,,,,,,,,,,,,,,,,,,,,,,,,,,,,,,,,,
2007 Q2,"20,715","10,874",71,"8,471",728,"1,604","3,355","1,059",147,"1,060","1,089",998,998,"5,091","1,313","2,181",919,678,397,81,316,,,,,,,,,,,,,,,,,,,,,,,,,,,,,,,,,,,,,,,,,,,,,
2007 Q3,"21,365","11,200",85,"8,774",685,"1,656","3,351","1,043",173,"1,092","1,043","1,084","1,084","5,312","1,391","2,218",913,790,418,104,314,,,,,,,,,,,,,,,,,,,,,,,,,,,,,,,,,,,,,,,,,,,,,
2007 Q4,"26,932","14,155",42,"11,217",983,"1,913","4,118","1,297",382,"1,352","1,087","1,238","1,238","6,857","1,816","2,646","1,136","1,259",564,192,372,,,,,,,,,,,,,,,,,,,,,,,,,,,,,,,,,,,,,,,,,,,,,
2008 Q1,"19,801","9,996",24,"7,899",672,"1,401","3,048",940,215,"1,014",879,"1,145","1,145","5,294","1,406","2,303",845,740,318,54,264,,,,,,,,,,,,,,,,,,,,,,,,,,,,,,,,,,,,,,,,,,,,,
2008 Q2,"21,309","11,538",43,"9,074",741,"1,680","3,142",977,129,"1,076",960,962,962,"5,338","1,252","2,445",940,701,329,76,253,,,,,,,,,,,,,,,,,,,,,,,,,,,,,,,,,,,,,,,,,,,,,
2008 Q3,"21,316","11,619",88,"9,136",635,"1,760","3,011",984,170,"1,010",847,"1,218","1,218","5,160","1,256","2,186",946,772,308,65,243,,,,,,,,,,,,,,,,,,,,,,,,,,,,,,,,,,,,,,,,,,,,,
2008 Q4,"26,037","14,136",118,"11,096",940,"1,982","3,442","1,133",313,"1,111",885,"1,407","1,407","6,568","1,840","2,565",998,"1,165",484,185,299,,,,,,,,,,,,,,,,,,,,,,,,,,,,,,,,,,,,,,,,,,,,,
2009 Q1,"19,362","10,479",68,"8,290",586,"1,535","2,811","1,026",184,802,799,"1,110","1,110","4,708","1,123","2,038",845,702,254,51,203,,,,,,,,,,,,,,,,,,,,,,,,,,,,,,,,,,,,,,,,,,,,,
2009 Q2,"20,804","11,488",112,"8,931",621,"1,824","2,906","1,114",206,797,789,"1,152","1,152","4,939","1,055","2,218","1,030",636,319,70,249,,,,,,,,,,,,,,,,,,,,,,,,,,,,,,,,,,,,,,,,,,,,,
2009 Q3,"20,951","11,547",107,"9,011",636,"1,793","2,881","1,171",147,791,772,"1,214","1,214","4,967","1,083","2,223",952,709,342,72,270,,,,,,,,,,,,,,,,,,,,,,,,,,,,,,,,,,,,,,,,,,,,,
2009 Q4,"26,433","14,283",83,"11,326",790,"2,084","3,571","1,426",296,984,865,"1,324","1,324","6,762","1,689","2,822","1,031","1,220",493,127,366,,,,,,,,,,,,,,,,,,,,,,,,,,,,,,,,,,,,,,,,,,,,,
2010 Q1,"19,243","10,357",50,"8,139",735,"1,433","2,949","1,186",176,799,788,"1,062","1,062","4,515",978,"1,947",924,666,360,46,314,,,,,,,,,,,,,,,,,,,,,,,,,,,,,,,,,,,,,,,,,,,,,
2010 Q2,"21,428","11,694",84,"9,125",807,"1,678","3,105","1,239",171,921,774,"1,078","1,078","4,919","1,002","2,122","1,106",689,632,68,564,,,,,,,,,,,,,,,,,,,,,,,,,,,,,,,,,,,,,,,,,,,,,
2010 Q3,"22,298","11,982",79,"9,280",844,"1,779","3,161","1,251",229,951,730,"1,143","1,143","5,227","1,044","2,238","1,149",796,785,97,688,,,,,,,,,,,,,,,,,,,,,,,,,,,,,,,,,,,,,,,,,,,,,
2010 Q4,"27,780","14,961",78,"11,624","1,113","2,146","3,761","1,476",342,"1,147",796,"1,169","1,169","6,885","1,651","2,765","1,228","1,241","1,004",147,857,,,,,,,,,,,,,,,,,,,,,,,,,,,,,,,,,,,,,,,,,,,,,
2011 Q1,"20,090","10,857",72,"8,498",802,"1,485","3,104","1,040",253,"1,028",783,"1,162","1,162","4,352","1,015","1,853",825,659,615,77,538,,,,,,,,,,,,,,,,,,,,,,,,,,,,,,,,,,,,,,,,,,,,,
2011 Q2,"21,865","12,313",68,"9,538",924,"1,783","3,236",965,306,"1,070",895,993,993,"4,598","1,021","1,872","1,084",621,725,120,605,,,,,,,,,,,,,,,,,,,,,,,,,,,,,,,,,,,,,,,,,,,,,
2011 Q3,"22,231","12,451",66,"9,611",931,"1,843","3,089",940,262,"1,054",833,"1,054","1,054","4,919","1,061","2,010","1,160",688,718,95,623,,,,,,,,,,,,,,,,,,,,,,,,,,,,,,,,,,,,,,,,,,,,,
2011 Q4,"28,439","15,802",52,"12,260","1,232","2,258","3,883","1,112",483,"1,275","1,013","1,072","1,072","6,613","1,560","2,569","1,303","1,181","1,069",266,803,,,,,,,,,,,,,,,,,,,,,,,,,,,,,,,,,,,,,,,,,,,,,
2012 Q1,"20,444","11,270",54,"8,656",893,"1,667","3,358",902,353,"1,130",973,"1,084","1,084","4,076",965,"1,648",825,638,656,93,563,,,,,,,,,,,,,,,,,,,,,,,,,,,,,,,,,,,,,,,,,,,,,
2012 Q2,"22,048","12,447",51,"9,510",987,"1,899","3,457",959,183,"1,221","1,094","1,147","1,147","4,272",990,"1,723","1,006",553,725,144,581,,,,,,,,,,,,,,,,,,,,,,,,,,,,,,,,,,,,,,,,,,,,,
2012 Q3,"22,960","12,847",46,"9,806",959,"2,036","3,386",948,220,"1,199","1,019","1,214","1,214","4,802","1,106","1,837","1,214",645,711,104,607,,,,,,,,,,,,,,,,,,,,,,,,,,,,,,,,,,,,,,,,,,,,,
2012 Q4,"29,791","16,488",59,"12,625","1,293","2,511","4,009","1,158",398,"1,451","1,002","1,213","1,213","6,914","1,903","2,407","1,327","1,277","1,167",360,807,,,,,,,,,,,,,,,,,,,,,,,,,,,,,,,,,,,,,,,,,,,,,
2013 Q1,"21,785","12,040",129,"9,339",856,"1,716","3,402","1,010",197,"1,200",995,"1,250","1,250","4,292","1,063","1,696",896,637,801,127,674,,,,,,,,,,,,,,,,,,,,,,,,,,,,,,,,,,,,,,,,,,,,,
2013 Q2,"24,180","13,481",92,"10,363","1,042","1,984","3,754","1,053",322,"1,282","1,097","1,236","1,236","4,768","1,262","1,886","1,020",600,941,192,749,,,,,,,,,,,,,,,,,,,,,,,,,,,,,,,,,,,,,,,,,,,,,
2013 Q3,"24,905","14,078",127,"10,721","1,062","2,168","3,483","1,050",273,"1,279",881,"1,254","1,254","5,056","1,361","1,951","1,066",678,"1,034",229,805,,,,,,,,,,,,,,,,,,,,,,,,,,,,,,,,,,,,,,,,,,,,,
2013 Q4,"31,362","17,730",122,"13,505","1,443","2,660","4,330","1,299",442,"1,549","1,040","1,240","1,240","6,606","1,646","2,579","1,197","1,184","1,456",382,"1,074",,,,,,,,,,,,,,,,,,,,,,,,,,,,,,,,,,,,,,,,,,,,,
2014 Q1,"22,037","12,185",56,"9,348",972,"1,809","3,384","1,013",338,"1,129",904,"1,144","1,144","4,453","1,259","1,691",899,604,871,238,633,,,,,,,,,,,,,,,,,,,,,,,,,,,,,,,,,,,,,,,,,,,,,
2014 Q2,"24,505","14,043",71,"10,774","1,091","2,107","3,590","1,067",385,"1,248",890,"1,209","1,209","4,728","1,177","1,854","1,108",589,935,269,666,,,,,,,,,,,,,,,,,,,,,,,,,,,,,,,,,,,,,,,,,,,,,
2014 Q3,"24,888","14,052",68,"10,694","1,088","2,202","3,736","1,101",460,"1,236",939,"1,312","1,312","4,947","1,184","1,903","1,148",712,841,156,685,,,,,,,,,,,,,,,,,,,,,,,,,,,,,,,,,,,,,,,,,,,,,
2014 Q4,"31,332","17,830",52,"13,685","1,391","2,702","4,362","1,392",442,"1,482","1,046","1,211","1,211","6,719","1,642","2,531","1,337","1,209","1,210",281,929,,,,,,,,,,,,,,,,,,,,,,,,,,,,,,,,,,,,,,,,,,,,,
2015 Q1,"22,625","12,517",11,"9,567","1,035","1,904","3,685","1,205",267,"1,226",987,"1,169","1,169","4,552","1,358","1,627",913,654,702,131,571,,,,,,,,,,,,,,,,,,,,,,,,,,,,,,,,,,,,,,,,,,,,,
2015 Q2,"25,455","14,562",9,"11,131","1,137","2,285","3,904","1,295",361,"1,263",985,"1,186","1,186","4,953","1,421","1,845","1,045",642,850,160,690,,,,,,,,,,,,,,,,,,,,,,,,,,,,,,,,,,,,,,,,,,,,,
2015 Q3,"26,519","15,018",10,"11,443","1,192","2,373","3,924","1,347",399,"1,222",956,"1,234","1,234","5,410","1,477","2,038","1,126",769,933,254,679,,,,,,,,,,,,,,,,,,,,,,,,,,,,,,,,,,,,,,,,,,,,,
2015 Q4,"34,315","19,094",12,"14,589","1,523","2,970","4,890","1,708",563,"1,456","1,163","1,364","1,364","7,487","1,936","3,008","1,296","1,247","1,480",381,"1,099",,,,,,,,,,,,,,,,,,,,,,,,,,,,,,,,,,,,,,,,,,,,,
2016 Q1,"24,379","13,193",6,"10,235","1,008","1,944","4,069","1,360",294,"1,277","1,138","1,337","1,337","4,939","1,327","1,787","1,115",710,841,256,585,,,,,,,,,,,,,,,,,,,,,,,,,,,,,,,,,,,,,,,,,,,,,
2016 Q2,"26,561","15,105",44,"11,654","1,155","2,252","3,988","1,387",258,"1,362",981,"1,385","1,385","5,181","1,313","1,947","1,290",631,902,268,634,,,,,,,,,,,,,,,,,,,,,,,,,,,,,,,,,,,,,,,,,,,,,
2016 Q3,"27,395","15,631",17,"12,182","1,094","2,338","4,249","1,471",295,"1,386","1,097","1,392","1,392","5,261","1,400","1,884","1,279",698,862,207,655,,,,,,,,,,,,,,,,,,,,,,,,,,,,,,,,,,,,,,,,,,,,,
2016 Q4,"35,555","19,824",37,"15,438","1,456","2,893","5,306","1,783",518,"1,744","1,261","1,405","1,405","7,817","2,220","2,709","1,653","1,235","1,203",334,869,,,,,,,,,,,,,,,,,,,,,,,,,,,,,,,,,,,,,,,,,,,,,
2017 Q1,"26,145","13,692",45,"10,637","1,006","2,004","4,550","1,659",281,"1,377","1,233","1,368","1,368","5,537","1,008","2,386","1,357",786,998,289,709,,,,,,,,,,,,,,,,,,,,,,,,,,,,,,,,,,,,,,,,,,,,,
2017 Q2,"28,555","15,339",57,"11,876","1,021","2,385","4,640","1,680",310,"1,476","1,174","1,362","1,362","6,191","1,321","2,677","1,513",680,"1,023",234,789,,,,,,,,,,,,,,,,,,,,,,,,,,,,,,,,,,,,,,,,,,,,,
2017 Q3,"29,617","16,001",57,"12,237","1,146","2,561","4,713","1,768",289,"1,500","1,156","1,343","1,343","6,523","1,344","2,753","1,603",823,"1,037",201,836,,,,,,,,,,,,,,,,,,,,,,,,,,,,,,,,,,,,,,,,,,,,,
2017 Q4,"36,944","19,785",53,"15,180","1,366","3,186","5,932","2,196",600,"1,867","1,269","1,343","1,343","8,592","1,573","3,677","1,918","1,424","1,292",182,"1,110",,,,,,,,,,,,,,,,,,,,,,,,,,,,,,,,,,,,,,,,,,,,,
2018 Q1,"27,056","14,026",7,"10,727","1,157","2,135","4,809","1,632",312,"1,498","1,367","1,306","1,306","6,067","1,331","2,578","1,339",819,848,199,649,,,,,,,,,,,,,,,,,,,,,,,,,,,,,,,,,,,,,,,,,,,,,
2018 Q2,"28,368","15,900",9,"12,175","1,159","2,557","4,558","1,510",260,"1,549","1,239","1,299","1,299","5,625",801,"2,766","1,357",701,986,257,729,,,,,,,,,,,,,,,,,,,,,,,,,,,,,,,,,,,,,,,,,,,,,
2018 Q3,"29,853","16,442",16,"12,386","1,334","2,706","5,007","1,568",332,"1,572","1,535","1,293","1,293","6,212","1,347","2,819","1,280",766,899,144,755,,,,,,,,,,,,,,,,,,,,,,,,,,,,,,,,,,,,,,,,,,,,,
2018 Q4,"38,600","20,048",13,"15,297","1,504","3,234","5,891","1,930",469,"1,947","1,545","1,277","1,277","9,677","2,914","3,678","1,629","1,456","1,707",446,"1,261",,,,,,,,,,,,,,,,,,,,,,,,,,,,,,,,,,,,,,,,,,,,,
2019 Q1,"28,113","14,538",91,"10,796","1,373","2,278","4,804","1,512",372,"1,579","1,341","1,310","1,310","6,556","1,028","2,642","2,078",808,905,161,744,,,,,,,,,,,,,,,,,,,,,,,,,,,,,,,,,,,,,,,,,,,,,
2019 Q2,"31,165","16,446",95,"12,293","1,512","2,546","5,053","1,565",349,"1,698","1,441","1,326","1,326","7,200","1,319","2,833","2,262",786,"1,140",326,814,,,,,,,,,,,,,,,,,,,,,,,,,,,,,,,,,,,,,,,,,,,,,
2019 Q3,"32,470","17,093",92,"12,675","1,641","2,685","5,311","1,578",626,"1,696","1,411","1,399","1,399","7,621","1,457","2,893","2,399",872,"1,046",180,866,,,,,,,,,,,,,,,,,,,,,,,,,,,,,,,,,,,,,,,,,,,,,
2019 Q4,"39,980","20,902",89,"15,649","2,036","3,128","6,220","1,987",639,"2,059","1,535","1,346","1,346","9,492","1,813","3,634","2,454","1,591","2,020",877,"1,143",,,,,,,,,,,,,,,,,,,,,,,,,,,,,,,,,,,,,,,,,,,,,
2020 Q1,"26,182","13,078",98,"10,048","1,187","1,745","4,783","1,559",336,"1,523","1,365","1,359","1,359","6,255",964,"2,456","1,982",853,707,159,548,,,,,,,,,,,,,,,,,,,,,,,,,,,,,,,,,,,,,,,,,,,,,
2020 Q2,"22,777","10,986",77,"8,530",916,"1,463","4,277","1,357",132,"1,478","1,310",823,823,"6,073","1,054","2,423","1,901",695,618,117,501,,,,,,,,,,,,,,,,,,,,,,,,,,,,,,,,,,,,,,,,,,,,,
2020 Q3,"28,205","13,934",108,"10,452","1,318","2,056","5,386","1,892",415,"1,645","1,434","1,304","1,304","6,628",861,"2,770","2,306",691,953,307,646,,,,,,,,,,,,,,,,,,,,,,,,,,,,,,,,,,,,,,,,,,,,,
2020 Q4,"35,550","17,047",147,"12,637","1,660","2,603","6,854","2,250",899,"1,994","1,711",968,968,"9,458","1,412","3,600","3,019","1,427","1,223",500,723,,,,,,,,,,,,,,,,,,,,,,,,,,,,,,,,,,,,,,,,,,,,,
2021 Q1,"24,729","11,484",134,"8,826",918,"1,606","4,845","1,601",365,"1,490","1,389","1,304","1,304","6,424",992,"2,477","2,201",754,672,139,533,,,,,,,,,,,,,,,,,,,,,,,,,,,,,,,,,,,,,,,,,,,,,
2021 Q2,"31,864","16,106",97,"12,128","1,458","2,423","5,865","1,974",537,"1,669","1,685","1,347","1,347","7,700",996,"2,910","3,039",755,846,139,707,,,,,,,,,,,,,,,,,,,,,,,,,,,,,,,,,,,,,,,,,,,,,
2021 Q3,"31,039","15,913",85,"11,942","1,457","2,429","5,406","1,877",488,"1,582","1,459","1,487","1,487","7,347",916,"2,759","2,767",905,886,130,756,,,,,,,,,,,,,,,,,,,,,,,,,,,,,,,,,,,,,,,,,,,,,
2021 Q4,"39,750","20,630",127,"15,458","1,839","3,206","6,251","2,248",546,"1,920","1,537","1,354","1,354","9,819","1,221","3,539","3,411","1,648","1,696",601,"1,095",,,,,,,,,,,,,,,,,,,,,,,,,,,,,,,,,,,,,,,,,,,,,
2022 Q1,"30,196","15,471",192,"11,549","1,361","2,369","5,171","1,985",367,"1,557","1,262","1,393","1,393","7,238",965,"2,732","2,613",928,923,131,792,,,,,,,,,,,,,,,,,,,,,,,,,,,,,,,,,,,,,,,,,,,,,
2022 Q2,"33,417","17,693",129,"13,154","1,670","2,740","5,390","2,049",433,"1,631","1,277","1,457","1,457","7,695",945,"2,895","3,037",818,"1,182",249,933,,,,,,,,,,,,,,,,,,,,,,,,,,,,,,,,,,,,,,,,,,,,,
2022 Q3,"32,756","17,498",162,"12,909","1,645","2,782","5,184","2,024",363,"1,597","1,200","1,395","1,395","7,622",895,"2,794","2,990",943,"1,057",138,919,,,,,,,,,,,,,,,,,,,,,,,,,,,,,,,,,,,,,,,,,,,,,
2022 Q4,"41,838","22,411",161,"16,557","2,204","3,489","6,399","2,547",503,"1,965","1,384","1,387","1,387","9,983","1,121","3,521","3,728","1,613","1,658",474,"1,184",,,,,,,,,,,,,,,,,,,,,,,,,,,,,,,,,,,,,,,,,,,,,
,,,,,,,,,,,,,,,,,,,,,,,,,,,,,,,,,,,,,,,,,,,,,,,,,,,,,,,,,,,,,,,,,,
,,,,,,,,,,,,,,,,,,,,,,,,,,,,,,,,,,,,,,,,,,,,,,,,,,,,,,,,,,,,,,,,,,
,,,,,,,,,,,,,,,,,,,,,,,,,,,,,,,,,,,,,,,,,,,,,,,,,,,,,,,,,,,,,,,,,,
,,,,,,,,,,,,,,,,,,,,,,,,,,,,,,,,,,,,,,,,,,,,,,,,,,,,,,,,,,,,,,,,,,
,,,,,,,,,,,,,,,,,,,,,,,,,,,,,,,,,,,,,,,,,,,,,,,,,,,,,,,,,,,,,,,,,,
,,,,,,,,,,,,,,,,,,,,,,,,,,,,,,,,,,,,,,,,,,,,,,,,,,,,,,,,,,,,,,,,,,
,,,,,,,,,,,,,,,,,,,,,,,,,,,,,,,,,,,,,,,,,,,,,,,,,,,,,,,,,,,,,,,,,,
,,,,,,,,,,,,,,,,,,,,,,,,,,,,,,,,,,,,,,,,,,,,,,,,,,,,,,,,,,,,,,,,,,
,,,,,,,,,,,,,,,,,,,,,,,,,,,,,,,,,,,,,,,,,,,,,,,,,,,,,,,,,,,,,,,,,,
,,,,,,,,,,,,,,,,,,,,,,,,,,,,,,,,,,,,,,,,,,,,,,,,,,,,,,,,,,,,,,,,,,
,,,,,,,,,,,,,,,,,,,,,,,,,,,,,,,,,,,,,,,,,,,,,,,,,,,,,,,,,,,,,,,,,,
,,,,,,,,,,,,,,,,,,,,,,,,,,,,,,,,,,,,,,,,,,,,,,,,,,,,,,,,,,,,,,,,,,
,,,,,,,,,,,,,,,,,,,,,,,,,,,,,,,,,,,,,,,,,,,,,,,,,,,,,,,,,,,,,,,,,,
,,,,,,,,,,,,,,,,,,,,,,,,,,,,,,,,,,,,,,,,,,,,,,,,,,,,,,,,,,,,,,,,,,
,,,,,,,,,,,,,,,,,,,,,,,,,,,,,,,,,,,,,,,,,,,,,,,,,,,,,,,,,,,,,,,,,,
,,,,,,,,,,,,,,,,,,,,,,,,,,,,,,,,,,,,,,,,,,,,,,,,,,,,,,,,,,,,,,,,,,
,,,,,,,,,,,,,,,,,,,,,,,,,,,,,,,,,,,,,,,,,,,,,,,,,,,,,,,,,,,,,,,,,,
,,,,,,,,,,,,,,,,,,,,,,,,,,,,,,,,,,,,,,,,,,,,,,,,,,,,,,,,,,,,,,,,,,
,,,,,,,,,,,,,,,,,,,,,,,,,,,,,,,,,,,,,,,,,,,,,,,,,,,,,,,,,,,,,,,,,,
,,,,,,,,,,,,,,,,,,,,,,,,,,,,,,,,,,,,,,,,,,,,,,,,,,,,,,,,,,,,,,,,,,
,,,,,,,,,,,,,,,,,,,,,,,,,,,,,,,,,,,,,,,,,,,,,,,,,,,,,,,,,,,,,,,,,,
,,,,,,,,,,,,,,,,,,,,,,,,,,,,,,,,,,,,,,,,,,,,,,,,,,,,,,,,,,,,,,,,,,
,,,,,,,,,,,,,,,,,,,,,,,,,,,,,,,,,,,,,,,,,,,,,,,,,,,,,,,,,,,,,,,,,,
,,,,,,,,,,,,,,,,,,,,,,,,,,,,,,,,,,,,,,,,,,,,,,,,,,,,,,,,,,,,,,,,,,
,,,,,,,,,,,,,,,,,,,,,,,,,,,,,,,,,,,,,,,,,,,,,,,,,,,,,,,,,,,,,,,,,,
,,,,,,,,,,,,,,,,,,,,,,,,,,,,,,,,,,,,,,,,,,,,,,,,,,,,,,,,,,,,,,,,,,
,,,,,,,,,,,,,,,,,,,,,,,,,,,,,,,,,,,,,,,,,,,,,,,,,,,,,,,,,,,,,,,,,,
,,,,,,,,,,,,,,,,,,,,,,,,,,,,,,,,,,,,,,,,,,,,,,,,,,,,,,,,,,,,,,,,,,
,,,,,,,,,,,,,,,,,,,,,,,,,,,,,,,,,,,,,,,,,,,,,,,,,,,,,,,,,,,,,,,,,,
,,,,,,,,,,,,,,,,,,,,,,,,,,,,,,,,,,,,,,,,,,,,,,,,,,,,,,,,,,,,,,,,,,
,,,,,,,,,,,,,,,,,,,,,,,,,,,,,,,,,,,,,,,,,,,,,,,,,,,,,,,,,,,,,,,,,,
,,,,,,,,,,,,,,,,,,,,,,,,,,,,,,,,,,,,,,,,,,,,,,,,,,,,,,,,,,,,,,,,,,
,,,,,,,,,,,,,,,,,,,,,,,,,,,,,,,,,,,,,,,,,,,,,,,,,,,,,,,,,,,,,,,,,,
,,,,,,,,,,,,,,,,,,,,,,,,,,,,,,,,,,,,,,,,,,,,,,,,,,,,,,,,,,,,,,,,,,
,,,,,,,,,,,,,,,,,,,,,,,,,,,,,,,,,,,,,,,,,,,,,,,,,,,,,,,,,,,,,,,,,,
,,,,,,,,,,,,,,,,,,,,,,,,,,,,,,,,,,,,,,,,,,,,,,,,,,,,,,,,,,,,,,,,,,